,comp_id,atom_id,count,min,max,avg,std,avg-std,avg+std
6,ALA,N,63138,98.053,142.81,123.339,3.453,119.886,126.792
26,ARG,N,40710,102.427,137.6,120.859,3.616,117.243,124.475
27,ARG,NE,4274,67.0,99.808,84.583,1.604,82.979,86.187
28,ARG,NH1,136,67.6,87.82,74.149,5.021,69.128,79.17
29,ARG,NH2,116,69.258,87.83,72.651,2.942,69.709,75.59299999999999
40,ASN,N,34024,101.712,137.49,118.936,3.89,115.046,122.82600000000001
41,ASN,ND2,14684,99.4,134.5,112.761,2.262,110.499,115.023
51,ASP,N,49649,101.9,143.52,120.708,3.759,116.949,124.467
60,CYS,N,14485,100.48,138.678,120.151,4.422,115.729,124.573
74,GLN,N,36072,103.877,139.55,120.002,3.522,116.47999999999999,123.524
75,GLN,NE2,14209,92.49,133.301,111.87,1.688,110.182,113.558
88,GLU,N,65691,101.337,138.6,120.753,3.426,117.327,124.179
94,GLY,N,61292,93.604,162.194,109.565,3.637,105.928,113.202
109,HIS,N,17023,103.986,136.48,119.711,4.018,115.693,123.729
110,HIS,ND1,323,162.04,229.14,194.275,19.263,175.012,213.538
111,HIS,NE2,341,161.098,226.759,184.394,16.978,167.416,201.372
125,ILE,N,43657,83.327,138.12,121.422,4.203,117.219,125.625
139,LEU,N,72334,84.655,177.623,121.853,3.829,118.024,125.68199999999999
156,LYS,N,59677,101.1,140.3,121.068,3.687,117.381,124.755
157,LYS,NZ,78,29.48,47.3444,33.441,2.517,30.924000000000003,35.958000000000006
171,MET,N,17223,102.804,138.547,120.09,3.458,116.632,123.548
190,PHE,N,30569,101.474,139.02,120.386,4.098,116.288,124.484
203,PRO,N,1397,110.492,145.739,135.293,5.623,129.67000000000002,140.916
212,SER,N,52940,95.97,133.684,116.294,3.467,112.827,119.761
222,THR,N,46696,95.262,138.274,115.354,4.711,110.643,120.065
244,TRP,N,9358,101.97,138.113,121.564,4.061,117.50299999999999,125.625
245,TRP,NE1,5209,106.0,144.357,129.252,2.181,127.07100000000001,131.43300000000002
264,TYR,N,25144,61.07,144.96,120.484,4.089,116.395,124.573
275,VAL,N,57204,93.758,143.29,121.091,4.404,116.687,125.49499999999999
